,name,price,image,product
0,Eastfield Allround Professional Wooden Table Tennis Racquet Red Table Tennis Racquet,"₹5,899",https://rukminim2.flixcart.com/image/612/612/l2ghgnk0/racquet/q/8/a/na-na-estfiled-allround-1-b01m037gdb-81-6-table-tennis-racquet-original-imagdshmuh7vbasw.jpeg?q=70,https://www.flipkart.com/eastfield-allround-professional-wooden-table-tennis-racquet-red/p/itm95e869766fec5?pid=RAQGKJUY3KUHFUYT&lid=LSTRAQGKJUY3KUHFUYTNNUMZV&marketplace=FLIPKART&q=Table+Tennis+Racket&store=abc%2Fd8a%2Ffy5&srno=s_1_1&otracker=search&otracker1=search&fm=organic&iid=en_y5jYop-tPudPDkxFiuXyFpPIR6jubCpo2YkhCNJBuwGYgXe9OT0l36Pb4Y_5knP6SvXcnC57PYzbGoXIitQ4wg%3D%3D&ppt=hp&ppn=homepage&ssid=we5afqoaq80000001692107894537&qH=9bb918aa6a31aae5
1,"Eastfield Offensive Professional Wooden Table Tennis Racket Black, Red Table Tennis Racquet","₹11,899",https://rukminim2.flixcart.com/image/612/612/xif0q/racquet/h/i/c/na-na-offensive-professional-wooden-table-tennis-racket-1-1-295-original-imagkjveghdcedbm.jpeg?q=70,https://www.flipkart.com/eastfield-offensive-professional-wooden-table-tennis-racket-black-red-racquet/p/itm6b8e23270a82a?pid=RAQGKJVED57VQC2S&lid=LSTRAQGKJVED57VQC2SRCMGWF&marketplace=FLIPKART&q=Table+Tennis+Racket&store=abc%2Fd8a%2Ffy5&srno=s_1_2&otracker=search&otracker1=search&fm=Search&iid=en_y5jYop-tPudPDkxFiuXyFpPIR6jubCpo2YkhCNJBuwE1K0r-ZnZQBvkMjt3KkIObOiW_s8SkVWF5nBWIw-qS2w%3D%3D&ppt=sp&ppn=sp&ssid=we5afqoaq80000001692107894537&qH=9bb918aa6a31aae5
2,"STAG 1 Star Red, Black Table Tennis Racquet",₹219,https://rukminim2.flixcart.com/image/612/612/kwcfngw0/racquet/s/8/c/na-1-star-na-1-351-148-table-tennis-racquet-stag-na-original-imag9fd5cha7kexs.jpeg?q=70,https://www.flipkart.com/stag-1-star-red-black-table-tennis-racquet/p/itm262a80451fae3?pid=RAQEDVYQNYSP64KD&lid=LSTRAQEDVYQNYSP64KD2QVWPS&marketplace=FLIPKART&q=Table+Tennis+Racket&store=abc%2Fd8a%2Ffy5&srno=s_1_3&otracker=search&otracker1=search&fm=organic&iid=d4e5f60a-c2d5-4805-b4bb-e87729bf8915.RAQEDVYQNYSP64KD.SEARCH&ppt=hp&ppn=homepage&ssid=we5afqoaq80000001692107894537&qH=9bb918aa6a31aae5
3,GKI EURO V Multicolor Table Tennis Racquet,"₹1,719",https://rukminim2.flixcart.com/image/612/612/j9n3ekw0/racquet/3/w/7/g4-euro-v-with-soft-tatron-cover-strung-1-sprt283-323-table-original-imaeze9myrfusvne.jpeg?q=70,https://www.flipkart.com/gki-euro-v-multicolor-table-tennis-racquet/p/itm6df0a9f62b909?pid=RAQEZE4H3YGZW3W7&lid=LSTRAQEZE4H3YGZW3W7DTNNWE&marketplace=FLIPKART&q=Table+Tennis+Racket&store=abc%2Fd8a%2Ffy5&srno=s_1_4&otracker=search&otracker1=search&fm=Search&iid=d4e5f60a-c2d5-4805-b4bb-e87729bf8915.RAQEZE4H3YGZW3W7.SEARCH&ppt=sp&ppn=sp&ssid=we5afqoaq80000001692107894537&qH=9bb918aa6a31aae5
4,GKI Dragon Multicolor Table Tennis Racquet,₹840,https://rukminim2.flixcart.com/image/612/612/j9k8ivk0/racquet/h/r/t/g4-dragon-in-foam-cover-strung-1-sprt273-323-table-tennis-original-imaezbz5kgz8kp6k.jpeg?q=70,https://www.flipkart.com/gki-dragon-multicolor-table-tennis-racquet/p/itmbe6c08cd3eb2d?pid=RAQEZAVXZVQFKHRT&lid=LSTRAQEZAVXZVQFKHRTVDQ4FW&marketplace=FLIPKART&q=Table+Tennis+Racket&store=abc%2Fd8a%2Ffy5&srno=s_1_5&otracker=search&otracker1=search&fm=organic&iid=d4e5f60a-c2d5-4805-b4bb-e87729bf8915.RAQEZAVXZVQFKHRT.SEARCH&ppt=hp&ppn=homepage&ssid=we5afqoaq80000001692107894537&qH=9bb918aa6a31aae5
5,GKI Offensive XX Multicolor Table Tennis Racquet,₹950,https://rukminim2.flixcart.com/image/612/612/j5h264w0/racquet/w/5/w/g4-offensive-xx-na-1-9-89-table-tennis-racquet-gki-original-imaew4e4cbpgynxp.jpeg?q=70,https://www.flipkart.com/gki-offensive-xx-multicolor-table-tennis-racquet/p/itmab2714aa1a6ea?pid=RAQEW5FAMPQ7KW5W&lid=LSTRAQEW5FAMPQ7KW5WGDWMCN&marketplace=FLIPKART&q=Table+Tennis+Racket&store=abc%2Fd8a%2Ffy5&srno=s_1_6&otracker=search&otracker1=search&fm=organic&iid=d4e5f60a-c2d5-4805-b4bb-e87729bf8915.RAQEW5FAMPQ7KW5W.SEARCH&ppt=hp&ppn=homepage&ssid=we5afqoaq80000001692107894537&qH=9bb918aa6a31aae5
6,GKI EURO HYBRIDZ Table tennis Multicolor Table Tennis Racquet,"₹1,569",https://rukminim2.flixcart.com/image/612/612/jd94h3k0/racquet/u/z/b/na-euro-hybridz-table-tennis-na-1-euro-hybridz-196-table-tennis-original-imaf2yghmxdatyq7.jpeg?q=70,https://www.flipkart.com/gki-euro-hybridz-table-tennis-multicolor-racquet/p/itmdae82d7364b7b?pid=RAQEHRSF5ZWZAUZB&lid=LSTRAQEHRSF5ZWZAUZBVP9WRA&marketplace=FLIPKART&q=Table+Tennis+Racket&store=abc%2Fd8a%2Ffy5&srno=s_1_7&otracker=search&otracker1=search&fm=organic&iid=d4e5f60a-c2d5-4805-b4bb-e87729bf8915.RAQEHRSF5ZWZAUZB.SEARCH&ppt=hp&ppn=homepage&ssid=we5afqoaq80000001692107894537&qH=9bb918aa6a31aae5
7,Palio Legend2.0 ITTF Approved Multicolor Table Tennis Racquet,"₹5,399",https://rukminim2.flixcart.com/image/612/612/l3rmzrk0/racquet/l/k/e/na-na-b016brj7hw-3-b016brj7hw-259-table-tennis-racquet-palio-original-imagete2h7gyemzk.jpeg?q=70,https://www.flipkart.com/palio-legend2-0-ittf-approved-multicolor-table-tennis-racquet/p/itmd598a4a902c57?pid=RAQGGHMQME43QHVU&lid=LSTRAQGGHMQME43QHVUFH6J2A&marketplace=FLIPKART&q=Table+Tennis+Racket&store=abc%2Fd8a%2Ffy5&srno=s_1_8&otracker=search&otracker1=search&fm=organic&iid=en_y5jYop-tPudPDkxFiuXyFpPIR6jubCpo2YkhCNJBuwFuEWCVN5l7-zGGPdrEpJOa-gpJdU1OUpRX2b845h8V2Q%3D%3D&ppt=hp&ppn=homepage&ssid=we5afqoaq80000001692107894537&qH=9bb918aa6a31aae5
8,"VECTOR X Wooden TT Set Red, Black Table Tennis Racquet Set Multicolor Table Tennis Racquet",₹499,https://rukminim2.flixcart.com/image/612/612/xif0q/racquet/p/2/e/na-na-wooden-tt-set-red-black-table-tennis-racquet-set-2-tt-bat-original-imagkgpmfaagkyyn.jpeg?q=70,https://www.flipkart.com/vector-x-wooden-tt-set-red-black-table-tennis-racquet-multicolor/p/itm4aabc39a08544?pid=RAQGGH7WBUVTHTGQ&lid=LSTRAQGGH7WBUVTHTGQFHSGAL&marketplace=FLIPKART&q=Table+Tennis+Racket&store=abc%2Fd8a%2Ffy5&srno=s_1_9&otracker=search&otracker1=search&fm=organic&iid=d4e5f60a-c2d5-4805-b4bb-e87729bf8915.RAQGGH7WBUVTHTGQ.SEARCH&ppt=hp&ppn=homepage&ssid=we5afqoaq80000001692107894537&qH=9bb918aa6a31aae5
9,"Manogyam 2 Table Tennis Bat, 3 Table Tennis Ball Black, Red Table Tennis Racquet",₹259,https://rukminim2.flixcart.com/image/612/612/kuvkcy80/kit/4/x/g/professional-ping-pong-1pair-paddle-set-with-3pc-balls-home-original-imag7wz5h5fecbqm.jpeg?q=70,https://www.flipkart.com/manogyam-2-table-tennis-bat-3-ball-black-red-racquet/p/itm672899ff54b83?pid=RAQG7WRCRHHREYVZ&lid=LSTRAQG7WRCRHHREYVZO8XNRJ&marketplace=FLIPKART&q=Table+Tennis+Racket&store=abc%2Fd8a%2Ffy5&srno=s_1_10&otracker=search&otracker1=search&fm=organic&iid=d4e5f60a-c2d5-4805-b4bb-e87729bf8915.RAQG7WRCRHHREYVZ.SEARCH&ppt=hp&ppn=homepage&ssid=we5afqoaq80000001692107894537&qH=9bb918aa6a31aae5
10,RAR SPORTS Table Tennis Racquet Set consisting 2 Table Tennis Bats and 3 Balls Multicolor Table Tennis Racquet,₹286,https://rukminim2.flixcart.com/image/612/612/xif0q/racquet/j/s/e/na-na-table-tennis-racquet-set-consisting-2-table-tennis-bats-original-imaggd4jzzg2wy6h.jpeg?q=70,https://www.flipkart.com/rar-sports-table-tennis-racquet-set-consisting-2-bats-3-balls-multicolor/p/itmc14064b9eb195?pid=RAQGGD4JF2WXCRPZ&lid=LSTRAQGGD4JF2WXCRPZGX2PDE&marketplace=FLIPKART&q=Table+Tennis+Racket&store=abc%2Fd8a%2Ffy5&srno=s_1_11&otracker=search&otracker1=search&fm=organic&iid=en_y5jYop-tPudPDkxFiuXyFpPIR6jubCpo2YkhCNJBuwFbE_s0J_cE8AYRyWTGCbAsG0nBgDq9W32AMw4taixlKg%3D%3D&ppt=hp&ppn=homepage&ssid=we5afqoaq80000001692107894537&qH=9bb918aa6a31aae5
11,"Palio Master2.0 Blue, Red Table Tennis Racquet","₹4,999",https://rukminim2.flixcart.com/image/612/612/l2ghgnk0/racquet/z/v/q/na-na-master-2-1-x000shd66n-269-table-tennis-racquet-palio-palio-original-imagdsj7huqaxhb4.jpeg?q=70,https://www.flipkart.com/palio-master2-0-blue-red-table-tennis-racquet/p/itm92525d0d14c67?pid=RAQGDSJ7HR4MKHUW&lid=LSTRAQGDSJ7HR4MKHUWDUW26O&marketplace=FLIPKART&q=Table+Tennis+Racket&store=abc%2Fd8a%2Ffy5&srno=s_1_12&otracker=search&otracker1=search&fm=organic&iid=en_y5jYop-tPudPDkxFiuXyFpPIR6jubCpo2YkhCNJBuwG0iW8rH-aCC3BMZIEaCvlqw9RUjstov2DoQaejvuKUVw%3D%3D&ppt=hp&ppn=homepage&ssid=we5afqoaq80000001692107894537&qH=9bb918aa6a31aae5
12,GKI Dynamic Drive Multicolor Table Tennis Racquet,₹770,https://rukminim2.flixcart.com/image/612/612/j3j1le80/racquet/g/b/q/standard-dynamic-drive-na-1-100296-230-table-tennis-racquet-gki-original-imaeun6euann9psf.jpeg?q=70,https://www.flipkart.com/gki-dynamic-drive-multicolor-table-tennis-racquet/p/itm9f51d60333368?pid=RAQEUNCHRHC2RGBQ&lid=LSTRAQEUNCHRHC2RGBQ6FESCF&marketplace=FLIPKART&q=Table+Tennis+Racket&store=abc%2Fd8a%2Ffy5&srno=s_1_13&otracker=search&otracker1=search&fm=organic&iid=d4e5f60a-c2d5-4805-b4bb-e87729bf8915.RAQEUNCHRHC2RGBQ.SEARCH&ppt=hp&ppn=homepage&ssid=we5afqoaq80000001692107894537&qH=9bb918aa6a31aae5
13,"STAG 2 Star Red, Black Table Tennis Racquet",₹228,https://rukminim2.flixcart.com/image/612/612/kwdv3bk0/racquet/b/h/a/na-2-star-na-1-p8-1-148-table-tennis-racquet-stag-na-original-imag92kg93dhsgnc.jpeg?q=70,https://www.flipkart.com/stag-2-star-red-black-table-tennis-racquet/p/itmd8abf2f067773?pid=RAQEDVYQHCY7W5HR&lid=LSTRAQEDVYQHCY7W5HRBEILRQ&marketplace=FLIPKART&q=Table+Tennis+Racket&store=abc%2Fd8a%2Ffy5&srno=s_1_14&otracker=search&otracker1=search&fm=organic&iid=d4e5f60a-c2d5-4805-b4bb-e87729bf8915.RAQEDVYQHCY7W5HR.SEARCH&ppt=hp&ppn=homepage&ssid=we5afqoaq80000001692107894537&qH=9bb918aa6a31aae5
14,GKI Offensive XX Multicolor Table Tennis Racquet,"₹1,899",https://rukminim2.flixcart.com/image/612/612/xif0q/racquet/o/a/q/-original-imagzfhbfyen3ybn.jpeg?q=70,https://www.flipkart.com/gki-offensive-xx-multicolor-table-tennis-racquet/p/itm9dd3fde45fd40?pid=RAQGNZFMA7UGBKWP&lid=LSTRAQGNZFMA7UGBKWPS1EVHB&marketplace=FLIPKART&q=Table+Tennis+Racket&store=abc%2Fd8a%2Ffy5&srno=s_1_15&otracker=search&otracker1=search&fm=organic&iid=d4e5f60a-c2d5-4805-b4bb-e87729bf8915.RAQGNZFMA7UGBKWP.SEARCH&ppt=hp&ppn=homepage&ssid=we5afqoaq80000001692107894537&qH=9bb918aa6a31aae5
15,GKI Fasto In Foam Cover Multicolor Table Tennis Racquet,"₹1,399",https://rukminim2.flixcart.com/image/612/612/xif0q/racquet/a/b/i/-original-imagzfhbqczjrgfj.jpeg?q=70,https://www.flipkart.com/gki-fasto-foam-cover-multicolor-table-tennis-racquet/p/itm7450777a8617d?pid=RAQGNZFM6WDWXXFR&lid=LSTRAQGNZFM6WDWXXFRCZUODC&marketplace=FLIPKART&q=Table+Tennis+Racket&store=abc%2Fd8a%2Ffy5&srno=s_1_16&otracker=search&otracker1=search&fm=organic&iid=d4e5f60a-c2d5-4805-b4bb-e87729bf8915.RAQGNZFM6WDWXXFR.SEARCH&ppt=hp&ppn=homepage&ssid=we5afqoaq80000001692107894537&qH=9bb918aa6a31aae5
16,Palio Expert 2.0 Table Tennis Racquet & Case -ITTF Approved Multicolor Table Tennis Racquet,"₹4,449",https://rukminim2.flixcart.com/image/612/612/l05lx8w0/racquet/b/9/h/na-expert-2-0-table-tennis-racquet-case-ittf-approved-na-1-original-imagcy5cwxakvmgp.jpeg?q=70,https://www.flipkart.com/palio-expert-2-0-table-tennis-racquet-case-ittf-approved-multicolor/p/itmb0d835c7afe02?pid=RAQGCY5CSNBHQSA2&lid=LSTRAQGCY5CSNBHQSA2FA6R7I&marketplace=FLIPKART&q=Table+Tennis+Racket&store=abc%2Fd8a%2Ffy5&srno=s_1_17&otracker=search&otracker1=search&fm=organic&iid=en_y5jYop-tPudPDkxFiuXyFpPIR6jubCpo2YkhCNJBuwGAzZvzhago22pUvhmUph8unD18t94pxQvZZ5GtHoaIKA%3D%3D&ppt=hp&ppn=homepage&ssid=we5afqoaq80000001692107894537&qH=9bb918aa6a31aae5
17,"Palio Master3.0 ITTF Approved Red, Black, Pink Table Tennis Racquet","₹4,899",https://rukminim2.flixcart.com/image/612/612/l2ghgnk0/racquet/v/m/1/na-na-expert-table-tennis-1-x0018spbmd-259-table-tennis-racquet-original-imagdsgegqewyhgs.jpeg?q=70,https://www.flipkart.com/palio-master3-0-ittf-approved-red-black-pink-table-tennis-racquet/p/itm38ed5a3ba98f0?pid=RAQGDSGECFZYCPXE&lid=LSTRAQGDSGECFZYCPXECY2YDY&marketplace=FLIPKART&q=Table+Tennis+Racket&store=abc%2Fd8a%2Ffy5&srno=s_1_18&otracker=search&otracker1=search&fm=organic&iid=en_y5jYop-tPudPDkxFiuXyFpPIR6jubCpo2YkhCNJBuwEFeShSULoSB6gldU8LksuzKJN-JxGAyiboTSW9vfqS4w%3D%3D&ppt=hp&ppn=homepage&ssid=we5afqoaq80000001692107894537&qH=9bb918aa6a31aae5
18,SAAHI SPORTS Table Tennis Racket Multicolor Table Tennis Racquet,₹224,https://rukminim2.flixcart.com/image/612/612/kpzt7680/racquet/7/e/g/na-na-table-tennis-racket-2-ci-53-249-table-tennis-racquet-saahi-original-imag43n2db6xggnt.jpeg?q=70,https://www.flipkart.com/saahi-sports-table-tennis-racket-multicolor-racquet/p/itm8564d1578a31b?pid=RAQG43N2YAHWV25P&lid=LSTRAQG43N2YAHWV25PAGNW84&marketplace=FLIPKART&q=Table+Tennis+Racket&store=abc%2Fd8a%2Ffy5&srno=s_1_19&otracker=search&otracker1=search&fm=organic&iid=d4e5f60a-c2d5-4805-b4bb-e87729bf8915.RAQG43N2YAHWV25P.SEARCH&ppt=hp&ppn=homepage&ssid=we5afqoaq80000001692107894537&qH=9bb918aa6a31aae5
19,"Stag iconic Five Star Black, Red Table Tennis Racquet",₹870,https://rukminim2.flixcart.com/image/612/612/xif0q/racquet/m/l/l/na-na-five-star-1-n-a-167-table-tennis-racquet-stag-iconic-n-a-original-imagqjkhscz8wxgn.jpeg?q=70,https://www.flipkart.com/stag-iconic-five-star-black-red-table-tennis-racquet/p/itm54730312a3320?pid=RAQGQJKMT5F4FPPA&lid=LSTRAQGQJKMT5F4FPPARBB92B&marketplace=FLIPKART&q=Table+Tennis+Racket&store=abc%2Fd8a%2Ffy5&srno=s_1_20&otracker=search&otracker1=search&fm=organic&iid=d4e5f60a-c2d5-4805-b4bb-e87729bf8915.RAQGQJKMT5F4FPPA.SEARCH&ppt=hp&ppn=homepage&ssid=we5afqoaq80000001692107894537&qH=9bb918aa6a31aae5
20,"Palio Legend3.0 ITTF Approved Red, Black, White Table Tennis Racquet","₹4,799",https://rukminim2.flixcart.com/image/612/612/l3vxbbk0/racquet/a/i/p/na-na-legend3-0-2-b07v2lddbs-259-table-tennis-racquet-palio-original-imagewkguggscpbw.jpeg?q=70,https://www.flipkart.com/palio-legend3-0-ittf-approved-red-black-white-table-tennis-racquet/p/itm43d722fdab464?pid=RAQGEWKGZ4GNX28D&lid=LSTRAQGEWKGZ4GNX28DUWJOTK&marketplace=FLIPKART&q=Table+Tennis+Racket&store=abc%2Fd8a%2Ffy5&srno=s_1_21&otracker=search&otracker1=search&fm=organic&iid=en_y5jYop-tPudPDkxFiuXyFpPIR6jubCpo2YkhCNJBuwGdDbXISOg_i4bX2KxUnd1NRtcmUEGt8oEOlTAgzjSwXg%3D%3D&ppt=hp&ppn=homepage&ssid=we5afqoaq80000001692107894537&qH=9bb918aa6a31aae5
21,Butterfly timo boll 2000 ( with 2 ball ) Multicolor Table Tennis Racquet,"₹2,490",https://rukminim2.flixcart.com/image/612/612/jfr57rk0/racquet/s/a/y/4-timo-boll-2000-with-2-ball-na-1-2000-0-350-table-tennis-original-imaf4584jqqazwzp.jpeg?q=70,https://www.flipkart.com/butterfly-timo-boll-2000-2-ball-multicolor-table-tennis-racquet/p/itm0168fc1695b62?pid=RAQF45GZC9BMBSAY&lid=LSTRAQF45GZC9BMBSAYQNU37A&marketplace=FLIPKART&q=Table+Tennis+Racket&store=abc%2Fd8a%2Ffy5&srno=s_1_22&otracker=search&otracker1=search&fm=organic&iid=d4e5f60a-c2d5-4805-b4bb-e87729bf8915.RAQF45GZC9BMBSAY.SEARCH&ppt=hp&ppn=homepage&ssid=we5afqoaq80000001692107894537&qH=9bb918aa6a31aae5
22,"STAG 3 Star Red, Black Table Tennis Racquet",₹466,https://rukminim2.flixcart.com/image/612/612/kwdv3bk0/racquet/l/v/7/na-3-star-na-1-353-190-table-tennis-racquet-stag-na-original-imag92jz4pkg4fev.jpeg?q=70,https://www.flipkart.com/stag-3-star-red-black-table-tennis-racquet/p/itm91eb1272feaec?pid=RAQDCNWAEUZJHYYY&lid=LSTRAQDCNWAEUZJHYYYAD1Q9A&marketplace=FLIPKART&q=Table+Tennis+Racket&store=abc%2Fd8a%2Ffy5&srno=s_1_23&otracker=search&otracker1=search&fm=organic&iid=d4e5f60a-c2d5-4805-b4bb-e87729bf8915.RAQDCNWAEUZJHYYY.SEARCH&ppt=hp&ppn=homepage&ssid=we5afqoaq80000001692107894537&qH=9bb918aa6a31aae5
23,GKI Fasto In Foam Cover Multicolor Table Tennis Racquet,₹685,https://rukminim2.flixcart.com/image/612/612/j9k8ivk0/racquet/g/a/t/g4-fasto-in-foam-cover-strung-1-sprt277-323-table-tennis-racquet-original-imaezbzhqsyk6ggf.jpeg?q=70,https://www.flipkart.com/gki-fasto-foam-cover-multicolor-table-tennis-racquet/p/itm23d37e72b0567?pid=RAQEZAVX4JA7CGAT&lid=LSTRAQEZAVX4JA7CGAT1PYME3&marketplace=FLIPKART&q=Table+Tennis+Racket&store=abc%2Fd8a%2Ffy5&srno=s_1_24&otracker=search&otracker1=search&fm=organic&iid=d4e5f60a-c2d5-4805-b4bb-e87729bf8915.RAQEZAVX4JA7CGAT.SEARCH&ppt=hp&ppn=homepage&ssid=we5afqoaq80000001692107894537&qH=9bb918aa6a31aae5
24,GKI Kung FU DX Black Table Tennis Racquet,"₹1,699",https://rukminim2.flixcart.com/image/612/612/xif0q/racquet/n/f/d/-original-imagzfhb3rzby7q3.jpeg?q=70,https://www.flipkart.com/gki-kung-fu-dx-black-table-tennis-racquet/p/itmc939220fa5082?pid=RAQGNZFM8FFZYNVZ&lid=LSTRAQGNZFM8FFZYNVZDMB74B&marketplace=FLIPKART&q=Table+Tennis+Racket&store=abc%2Fd8a%2Ffy5&srno=s_1_25&otracker=search&otracker1=search&fm=organic&iid=d4e5f60a-c2d5-4805-b4bb-e87729bf8915.RAQGNZFM8FFZYNVZ.SEARCH&ppt=hp&ppn=homepage&ssid=we5afqoaq80000001692107894537&qH=9bb918aa6a31aae5
25,ArrowMax CLUB Multicolor Table Tennis Racquet,₹338,https://rukminim2.flixcart.com/image/612/612/xif0q/racquet/u/s/d/na-na-club-1-atr01-150-table-tennis-racquet-arrowmax-na-original-imagpb3fefkgamut.jpeg?q=70,https://www.flipkart.com/arrowmax-club-multicolor-table-tennis-racquet/p/itm628a684a36c05?pid=RAQFB5XYY4DFTMSH&lid=LSTRAQFB5XYY4DFTMSHOMC5O0&marketplace=FLIPKART&q=Table+Tennis+Racket&store=abc%2Fd8a%2Ffy5&srno=s_1_26&otracker=search&otracker1=search&fm=organic&iid=d4e5f60a-c2d5-4805-b4bb-e87729bf8915.RAQFB5XYY4DFTMSH.SEARCH&ppt=hp&ppn=homepage&ssid=we5afqoaq80000001692107894537&qH=9bb918aa6a31aae5
26,"Butterfly Wakaba 2000- Dimitrij Ovtcharov-With cover Black, Red Table Tennis Racquet","₹2,449",https://rukminim2.flixcart.com/image/612/612/xif0q/racquet/o/1/7/na-na-wakaba-2000-dimitrij-ovtcharov-with-cover-1-wak-2000-2022-original-imaggmf5ghpagafy.jpeg?q=70,https://www.flipkart.com/butterfly-wakaba-2000-dimitrij-ovtcharov-with-cover-black-red-table-tennis-racquet/p/itm40412fbc2fc5a?pid=RAQGGHZADAUMEDD5&lid=LSTRAQGGHZADAUMEDD5LBBDBH&marketplace=FLIPKART&q=Table+Tennis+Racket&store=abc%2Fd8a%2Ffy5&srno=s_1_27&otracker=search&otracker1=search&fm=organic&iid=d4e5f60a-c2d5-4805-b4bb-e87729bf8915.RAQGGHZADAUMEDD5.SEARCH&ppt=hp&ppn=homepage&ssid=we5afqoaq80000001692107894537&qH=9bb918aa6a31aae5
27,STAG 1 Star Table Tennis Racquet (Pack of 2) Multicolor Table Tennis Racquet,₹799,https://rukminim2.flixcart.com/image/612/612/k1wgx3k0/racquet/t/z/e/na-1-star-table-tennis-racquet-pack-of-2-na-2-star-table-tennis-original-imafhdambhajdybh.jpeg?q=70,https://www.flipkart.com/stag-1-star-table-tennis-racquet-pack-2-multicolor/p/itmdd9935351e8b7?pid=RAQFHC9GRYRTBTZE&lid=LSTRAQFHC9GRYRTBTZEH2TQ5U&marketplace=FLIPKART&q=Table+Tennis+Racket&store=abc%2Fd8a%2Ffy5&srno=s_1_28&otracker=search&otracker1=search&fm=organic&iid=d4e5f60a-c2d5-4805-b4bb-e87729bf8915.RAQFHC9GRYRTBTZE.SEARCH&ppt=hp&ppn=homepage&ssid=we5afqoaq80000001692107894537&qH=9bb918aa6a31aae5
28,Comfy Sparrow Red Red Table Tennis Racquet,₹413,https://rukminim2.flixcart.com/image/612/612/xif0q/racquet/k/8/d/na-na-red-1-cs-ttk-rd-10-na-360-table-tennis-racquet-comfy-original-imagzfuc9y6mfhjf.jpeg?q=70,https://www.flipkart.com/comfy-sparrow-red-table-tennis-racquet/p/itm068039a815dd7?pid=RAQGZFFFXGYNUZWH&lid=LSTRAQGZFFFXGYNUZWHYKUJDN&marketplace=FLIPKART&q=Table+Tennis+Racket&store=abc%2Fd8a%2Ffy5&srno=s_1_29&otracker=search&otracker1=search&fm=organic&iid=d4e5f60a-c2d5-4805-b4bb-e87729bf8915.RAQGZFFFXGYNUZWH.SEARCH&ppt=hp&ppn=homepage&ssid=we5afqoaq80000001692107894537&qH=9bb918aa6a31aae5
29,GKI Belbot In Foam Cover Multicolor Table Tennis Racquet,₹754,https://rukminim2.flixcart.com/image/612/612/j9hdn680/racquet/z/4/3/g4-belbot-in-foam-cover-strung-1-sprt275-323-table-tennis-original-imaez9rh3ezu9v7g.jpeg?q=70,https://www.flipkart.com/gki-belbot-foam-cover-multicolor-table-tennis-racquet/p/itm0f5e115ed05a2?pid=RAQEZ9YK9HXGXZ43&lid=LSTRAQEZ9YK9HXGXZ43VTKXOB&marketplace=FLIPKART&q=Table+Tennis+Racket&store=abc%2Fd8a%2Ffy5&srno=s_1_30&otracker=search&otracker1=search&fm=organic&iid=d4e5f60a-c2d5-4805-b4bb-e87729bf8915.RAQEZ9YK9HXGXZ43.SEARCH&ppt=hp&ppn=homepage&ssid=we5afqoaq80000001692107894537&qH=9bb918aa6a31aae5
30,"GKI Offensive XX with Wooden Case Red, Black Table Tennis Racquet","₹1,499",https://rukminim2.flixcart.com/image/612/612/racquet/a/b/r/232-350-g4-strung-1-gki-table-tennis-racquet-offensive-xx-with-original-imaeayczfdf8yutm.jpeg?q=70,https://www.flipkart.com/gki-offensive-xx-wooden-case-red-black-table-tennis-racquet/p/itm7da537e9656c1?pid=RAQEBY3XZRGFWABR&lid=LSTRAQEBY3XZRGFWABRCDIDVL&marketplace=FLIPKART&q=Table+Tennis+Racket&store=abc%2Fd8a%2Ffy5&srno=s_1_31&otracker=search&otracker1=search&fm=organic&iid=d4e5f60a-c2d5-4805-b4bb-e87729bf8915.RAQEBY3XZRGFWABR.SEARCH&ppt=hp&ppn=homepage&ssid=we5afqoaq80000001692107894537&qH=9bb918aa6a31aae5
31,Comfy Sparrow Multicolor Multicolor Table Tennis Racquet,₹413,https://rukminim2.flixcart.com/image/612/612/xif0q/racquet/y/t/t/na-na-multicolor-1-cs-ttk-mc-12-na-360-table-tennis-racquet-original-imagz43b6hnmha2c.jpeg?q=70,https://www.flipkart.com/comfy-sparrow-multicolor-table-tennis-racquet/p/itm429d854be78d0?pid=RAQGZ43B3FBYGTTJ&lid=LSTRAQGZ43B3FBYGTTJB7AVJ6&marketplace=FLIPKART&q=Table+Tennis+Racket&store=abc%2Fd8a%2Ffy5&srno=s_1_32&otracker=search&otracker1=search&fm=organic&iid=d4e5f60a-c2d5-4805-b4bb-e87729bf8915.RAQGZ43B3FBYGTTJ.SEARCH&ppt=hp&ppn=homepage&ssid=we5afqoaq80000001692107894537&qH=9bb918aa6a31aae5
32,GKI Kung Fu Red Table Tennis Racquet,₹780,https://rukminim2.flixcart.com/image/612/612/j5tx4sw0-2/racquet/t/q/e/g4-kung-fu-na-1-13-80-table-tennis-racquet-gki-original-imaew49ru6pnfdqg.jpeg?q=70,https://www.flipkart.com/gki-kung-fu-red-table-tennis-racquet/p/itmbf94b69287f96?pid=RAQEW5FDWDSYGTQE&lid=LSTRAQEW5FDWDSYGTQESFE1KL&marketplace=FLIPKART&q=Table+Tennis+Racket&store=abc%2Fd8a%2Ffy5&srno=s_1_33&otracker=search&otracker1=search&fm=organic&iid=d4e5f60a-c2d5-4805-b4bb-e87729bf8915.RAQEW5FDWDSYGTQE.SEARCH&ppt=hp&ppn=homepage&ssid=we5afqoaq80000001692107894537&qH=9bb918aa6a31aae5
33,GKI EURO STAR Table tennis Multicolor Table Tennis Racquet,"₹1,499",https://rukminim2.flixcart.com/image/612/612/jd94h3k0/racquet/h/x/8/na-euro-star-table-tennis-na-1-euro-star-150-table-tennis-original-imaf2yghfstxwgyj.jpeg?q=70,https://www.flipkart.com/gki-euro-star-table-tennis-multicolor-racquet/p/itm5ef084570b660?pid=RAQERN8ZEHYNAHX8&lid=LSTRAQERN8ZEHYNAHX8M2I8A7&marketplace=FLIPKART&q=Table+Tennis+Racket&store=abc%2Fd8a%2Ffy5&srno=s_1_34&otracker=search&otracker1=search&fm=organic&iid=d4e5f60a-c2d5-4805-b4bb-e87729bf8915.RAQERN8ZEHYNAHX8.SEARCH&ppt=hp&ppn=homepage&ssid=we5afqoaq80000001692107894537&qH=9bb918aa6a31aae5
34,LenWave LW-0321B Multicolor Table Tennis Racquet,₹690,https://rukminim2.flixcart.com/image/612/612/k44hksw0/racquet/m/q/g/g1-4-1-8-inches-lw-0321b-table-tennis-racquet-set-of-2-and-3-original-imafn3nvzdazzsj8.jpeg?q=70,https://www.flipkart.com/lenwave-lw-0321b-multicolor-table-tennis-racquet/p/itmbe8b23658fbd2?pid=RAQFN3FJBKXD7MQG&lid=LSTRAQFN3FJBKXD7MQGXO8P3K&marketplace=FLIPKART&q=Table+Tennis+Racket&store=abc%2Fd8a%2Ffy5&srno=s_1_35&otracker=search&otracker1=search&fm=organic&iid=d4e5f60a-c2d5-4805-b4bb-e87729bf8915.RAQFN3FJBKXD7MQG.SEARCH&ppt=hp&ppn=homepage&ssid=we5afqoaq80000001692107894537&qH=9bb918aa6a31aae5
35,"INFINITE HIGH QUALITY HOT SHOT Red, Black Table Tennis Racquet",₹805,https://rukminim2.flixcart.com/image/612/612/racquet/j/f/6/abg765-150-na-unstrung-1-infinite-table-tennis-racquet-high-original-imaej9bzngq72zys.jpeg?q=70,https://www.flipkart.com/infinite-high-quality-hot-shot-red-black-table-tennis-racquet/p/itmeada1003fe4d7?pid=RAQEJAPFYJTAXJF6&lid=LSTRAQEJAPFYJTAXJF62BYJQR&marketplace=FLIPKART&q=Table+Tennis+Racket&store=abc%2Fd8a%2Ffy5&srno=s_1_36&otracker=search&otracker1=search&fm=organic&iid=d4e5f60a-c2d5-4805-b4bb-e87729bf8915.RAQEJAPFYJTAXJF6.SEARCH&ppt=hp&ppn=homepage&ssid=we5afqoaq80000001692107894537&qH=9bb918aa6a31aae5
36,"Fuhua Sports table tennis set|| 2 racquets, 3 ping pong balls|| Red, Black Table Tennis Racquet",₹329,https://rukminim2.flixcart.com/image/612/612/xif0q/racquet/4/i/v/na-na-table-tennis-set-2-racquets-3-ping-pong-balls-5-001-110-original-imagha97bem2nxhv.jpeg?q=70,https://www.flipkart.com/fuhua-sports-table-tennis-set-2-racquets-3-ping-pong-balls-red-black-racquet/p/itm8b7aaf8ba35ad?pid=RAQGDJ9CFAQBKSA5&lid=LSTRAQGDJ9CFAQBKSA5BDDDMW&marketplace=FLIPKART&q=Table+Tennis+Racket&store=abc%2Fd8a%2Ffy5&srno=s_1_37&otracker=search&otracker1=search&fm=organic&iid=d4e5f60a-c2d5-4805-b4bb-e87729bf8915.RAQGDJ9CFAQBKSA5.SEARCH&ppt=hp&ppn=homepage&ssid=we5afqoaq80000001692107894537&qH=9bb918aa6a31aae5
37,GKI Kung Fu Red Table Tennis Racquet,"₹1,499",https://rukminim2.flixcart.com/image/612/612/xif0q/racquet/v/l/e/-original-imagzfhfa6bccmag.jpeg?q=70,https://www.flipkart.com/gki-kung-fu-red-table-tennis-racquet/p/itm88dd02394d16d?pid=RAQGNZFMYFBVTP84&lid=LSTRAQGNZFMYFBVTP84CWIOWA&marketplace=FLIPKART&q=Table+Tennis+Racket&store=abc%2Fd8a%2Ffy5&srno=s_1_38&otracker=search&otracker1=search&fm=organic&iid=d4e5f60a-c2d5-4805-b4bb-e87729bf8915.RAQGNZFMYFBVTP84.SEARCH&ppt=hp&ppn=homepage&ssid=we5afqoaq80000001692107894537&qH=9bb918aa6a31aae5
38,LYCAN Table Tennis Set of 2 consisting 2 Table Tennis Bats and 3 Ping Pong Balls Multicolor Table Tennis Racquet,₹299,https://rukminim2.flixcart.com/image/612/612/xif0q/racquet/p/e/d/na-na-table-tennis-set-of-2-consisting-2-table-tennis-bats-and-3-original-imagmbgugtgbcmkd.jpeg?q=70,https://www.flipkart.com/lycan-table-tennis-set-2-consisting-bats-3-ping-pong-balls-multicolor-racquet/p/itm281330974e4f0?pid=RAQGMBGUGBYWRGFR&lid=LSTRAQGMBGUGBYWRGFR6S6QUP&marketplace=FLIPKART&q=Table+Tennis+Racket&store=abc%2Fd8a%2Ffy5&srno=s_1_39&otracker=search&otracker1=search&fm=organic&iid=d4e5f60a-c2d5-4805-b4bb-e87729bf8915.RAQGMBGUGBYWRGFR.SEARCH&ppt=hp&ppn=homepage&ssid=we5afqoaq80000001692107894537&qH=9bb918aa6a31aae5
39,"Stag iconic Peter Fire Red, Black Table Tennis Racquet","₹6,864",https://rukminim2.flixcart.com/image/612/612/xif0q/racquet/2/m/i/na-na-peter-fire-1-357-new-175-table-tennis-racquet-stag-iconic-original-imagr5mbjagm5mus.jpeg?q=70,https://www.flipkart.com/stag-iconic-peter-fire-red-black-table-tennis-racquet/p/itmacdf0ab4b3c12?pid=RAQGR5MSCPGDBCGX&lid=LSTRAQGR5MSCPGDBCGXBSTGJV&marketplace=FLIPKART&q=Table+Tennis+Racket&store=abc%2Fd8a%2Ffy5&srno=s_1_40&otracker=search&otracker1=search&fm=organic&iid=d4e5f60a-c2d5-4805-b4bb-e87729bf8915.RAQGR5MSCPGDBCGX.SEARCH&ppt=hp&ppn=homepage&ssid=we5afqoaq80000001692107894537&qH=9bb918aa6a31aae5
